  Frequency            , (DB(V(U1:2)/V(V3:+)))@1, (DB(V(U1:2)/V(V3:+)))@2, (DB(V(U1:2)/V(V3:+)))@3, (DB(V(U1:2)/V(V3:+)))@4, (P(V(U1:2)))@1       , (P(V(U1:2)))@2       , (P(V(U1:2)))@3       , (P(V(U1:2)))@4       
  1.000000000000e+000  ,2.243528215601e-004  ,2.361255029128e-004  ,2.420152063491e-004  ,2.478424955701e-004  ,-1.333825023822e-001  ,-9.431407060928e-002  ,-6.671146396035e-002  ,-1.334241156907e-002  
  1.059253725177e+000  ,2.229208239458e-004  ,2.361299874980e-004  ,2.427383439986e-004  ,2.492766716468e-004  ,-1.412859047913e-001  ,-9.990253617734e-002  ,-7.066437453455e-002  ,-1.413300149773e-002  
  1.122018454302e+000  ,2.213140964857e-004  ,2.361350190232e-004  ,2.435497176503e-004  ,2.508858439420e-004  ,-1.496576117775e-001  ,-1.058221401941e-001  ,-7.485151126013e-002  ,-1.497043726590e-002  
  1.188502227437e+000  ,2.195113189565e-004  ,2.361406641161e-004  ,2.444600936887e-004  ,2.526913652878e-004  ,-1.585253718568e-001  ,-1.120925040433e-001  ,-7.928675318704e-002  ,-1.585749474725e-002  
  1.258925411794e+000  ,2.174885697581e-004  ,2.361469975714e-004  ,2.454815521761e-004  ,2.547171939936e-004  ,-1.679185776963e-001  ,-1.187344117860e-001  ,-8.398480180306e-002  ,-1.679711431197e-002  
  1.333521432163e+000  ,2.152190083708e-004  ,2.361541032586e-004  ,2.466276471751e-004  ,2.569902117131e-004  ,-1.778683635269e-001  ,-1.257698790604e-001  ,-8.896122977615e-002  ,-1.779241057678e-002  
  1.412537544623e+000  ,2.126725193263e-004  ,2.361620752585e-004  ,2.479135865548e-004  ,2.595405802218e-004  ,-1.884077083250e-001  ,-1.332222260658e-001  ,-9.423253258687e-002  ,-1.884668273317e-002  
  1.496235656094e+000  ,2.098153125014e-004  ,2.361710190793e-004  ,2.493564338232e-004  ,2.624021416246e-004  ,-1.995715451078e-001  ,-1.411161548725e-001  ,-9.981618322239e-002  ,-1.996342548834e-002  
  1.584893192461e+000  ,2.066094748210e-004  ,2.361810531024e-004  ,2.509753345289e-004  ,2.656128674022e-004  ,-2.113968767003e-001  ,-1.494778313146e-001  ,-1.057306901141e-001  ,-2.114634065516e-002  
  1.678804018123e+000  ,2.030124671784e-004  ,2.361923100253e-004  ,2.527917702847e-004  ,2.692153623244e-004  ,-2.239228983598e-001  ,-1.583349717376e-001  ,-1.119956585109e-001  ,-2.239934942995e-002  
  1.778279410039e+000  ,1.989765599967e-004  ,2.362049387150e-004  ,2.548298438367e-004  ,2.732574298270e-004  ,-2.371911276631e-001  ,-1.677169348884e-001  ,-1.186318554938e-001  ,-2.372660539860e-002  
  1.883649089490e+000  ,1.944481998639e-004  ,2.362191060726e-004  ,2.571165988539e-004  ,2.777927063078e-004  ,-2.512455420842e-001  ,-1.776548192534e-001  ,-1.256612788458e-001  ,-2.513250831505e-002  
  1.995262314969e+000  ,1.893672990130e-004  ,2.362349992961e-004  ,2.596823787734e-004  ,2.828813729182e-004  ,-2.661327247205e-001  ,-1.881815661682e-001  ,-1.331072300094e-001  ,-2.662171869737e-002  
  2.113489039837e+000  ,1.836664380158e-004  ,2.362528282019e-004  ,2.625612294081e-004  ,2.885909541749e-004  ,-2.819020186463e-001  ,-1.993320690410e-001  ,-1.409943913721e-001  ,-2.819917329093e-002  
  2.238721138568e+000  ,1.772699711775e-004  ,2.362728280776e-004  ,2.657913507152e-004  ,2.949972140066e-004  ,-2.986056904054e-001  ,-2.111432890535e-001  ,-1.493489081396e-001  ,-2.987010144977e-002  
  2.371373705662e+000  ,1.700930229138e-004  ,2.362952626191e-004  ,2.694156036302e-004  ,3.021851611532e-004  ,-3.162991031836e-001  ,-2.236543777232e-001  ,-1.581984750684e-001  ,-3.164004249141e-002  
  2.511886431510e+000  ,1.620403615118e-004  ,2.363204274850e-004  ,2.734820787416e-004  ,3.102501773206e-004  ,-3.350409002298e-001  ,-2.369068067363e-001  ,-1.675724283489e-001  ,-3.351486408309e-002  
  2.660725059799e+000  ,1.530051356413e-004  ,2.363486539570e-004  ,2.780447343920e-004  ,3.192992828492e-004  ,-3.548931991354e-001  ,-2.509445054814e-001  ,-1.775018429447e-001  ,-3.550078172123e-002  
  2.818382931264e+000  ,1.428674565668e-004  ,2.363803132758e-004  ,2.831641126226e-004  ,3.294525570179e-004  ,-3.759217976095e-001  ,-2.658140067443e-001  ,-1.880196357146e-001  ,-3.760437936945e-002  
  2.985382618918e+000  ,1.314928075401e-004  ,2.364158213983e-004  ,2.889081424116e-004  ,3.408447315898e-004  ,-3.981963914300e-001  ,-2.815646010470e-001  ,-1.991606746625e-001  ,-3.983263132471e-002  
  3.162277660168e+000  ,1.187302590304e-004  ,2.364556442787e-004  ,2.953530409384e-004  ,3.536269787890e-004  ,-4.217908052886e-001  ,-2.982485001472e-001  ,-2.109618946822e-001  ,-4.219292538566e-002  
  3.349654391578e+000  ,1.044104662167e-004  ,2.365003037467e-004  ,3.025843248101e-004  ,3.679689175388e-004  ,-4.467832372900e-001  ,-3.159210102442e-001  ,-2.234624201843e-001  ,-4.469308740075e-002  
  3.548133892336e+000  ,8.834342229037e-005  ,2.365503841224e-004  ,3.106979446719e-004  ,3.840608645681e-004  ,-4.732565179086e-001  ,-3.346407154671e-001  ,-2.367036950194e-001  ,-4.734140728010e-002  
  3.758374042884e+000  ,7.031593761882e-005  ,2.366065395105e-004  ,3.198015581386e-004  ,4.021163601963e-004  ,-5.012983842553e-001  ,-3.544696722615e-001  ,-2.507296201350e-001  ,-5.014666655906e-002  
  3.981071705535e+000  ,5.008881132140e-005  ,2.366695019293e-004  ,3.300159581006e-004  ,4.223750024181e-004  ,-5.310017705544e-001  ,-3.754736153239e-001  ,-2.655866994304e-001  ,-5.311816760742e-002  
  4.216965034286e+000  ,2.739365797482e-005  ,2.367400903114e-004  ,3.414766752265e-004  ,4.451056268740e-004  ,-5.624651157836e-001  ,-3.977221757724e-001  ,-2.813241943030e-001  ,-5.626576458428e-002  
  4.466835921510e+000  ,1.929347138737e-006  ,2.368192205325e-004  ,3.543357759214e-004  ,4.706098750342e-004  ,-5.957926894836e-001  ,-4.212891122883e-001  ,-2.979942874126e-001  ,-5.959989624477e-002  
  4.731512589615e+000  ,-2.664199136843e-005  ,2.369079163832e-004  ,3.687638796149e-004  ,4.992261977663e-004  ,-6.310949368058e-001  ,-4.462525560018e-001  ,-3.156522562175e-001  ,-6.313162071151e-002  
  5.011872336273e+000  ,-5.869944944117e-005  ,2.370073218214e-004  ,3.849524220900e-004  ,5.313343477756e-004  ,-6.684888439213e-001  ,-4.726952699481e-001  ,-3.343566568775e-001  ,-6.687265233136e-002  
  5.308844442310e+000  ,-9.466836923526e-005  ,2.371187143626e-004  ,4.031161948127e-004  ,5.673604203810e-004  ,-7.080983249853e-001  ,-5.007049239664e-001  ,-3.541695191526e-001  ,-7.083540074576e-002  
  5.623413251903e+000  ,-1.350259851052e-004  ,2.372435198720e-004  ,4.234961940479e-004  ,6.077825095501e-004  ,-7.500546319146e-001  ,-5.303743859719e-001  ,-3.751565529674e-001  ,-7.503301231110e-002  
  5.956621435290e+000  ,-1.803077533975e-004  ,2.373833285897e-004  ,4.463628172810e-004  ,6.531370546892e-004  ,-7.944967883071e-001  ,-5.618020305848e-001  ,-3.973873673547e-001  ,-7.947941401552e-002  
  6.309573444802e+000  ,-2.311144542440e-004  ,2.375399128616e-004  ,4.720194495240e-004  ,7.040259621581e-004  ,-8.415720489098e-001  ,-5.950920661655e-001  ,-4.209357025391e-001  ,-8.418936004721e-002  
  6.683439175686e+000  ,-2.881201591806e-004  ,2.377152461504e-004  ,5.008064868200e-004  ,7.611245964264e-004  ,-8.914363861164e-001  ,-6.303548813659e-001  ,-4.458796759687e-001  ,-8.917848118149e-002  
  7.079457843841e+000  ,-3.520811702084e-004  ,2.379115237035e-004  ,5.331058504235e-004  ,8.251907470419e-004  ,-9.442550050610e-001  ,-6.677074123831e-001  ,-4.723020431605e-001  ,-9.446333716440e-002  
  7.498942093325e+000  ,-4.238460486447e-004  ,2.381311846978e-004  ,5.693460510724e-004  ,8.970746907523e-004  ,-1.000202888957e+000  ,-7.072735321705e-001  ,-5.002904742796e-001  ,-1.000614722834e-001  
  7.943282347243e+000  ,-5.043668662643e-004  ,2.383769357663e-004  ,6.100078707080e-004  ,9.777304825003e-004  ,-1.059465376424e+000  ,-7.491844629459e-001  ,-5.299378474387e-001  ,-1.059914743305e-001  
  8.413951416452e+000  ,-5.947118279439e-004  ,2.386517758769e-004  ,6.556307367246e-004  ,1.068228625798e-003  ,-1.122238772634e+000  ,-7.935792134214e-001  ,-5.613425597704e-001  ,-1.122730371765e-001  
  8.912509381337e+000  ,-6.960794322799e-004  ,2.389590221200e-004  ,7.068198728574e-004  ,1.169770290984e-003  ,-1.188730996205e+000  ,-8.406050422716e-001  ,-5.946088573989e-001  ,-1.189270271941e-001  
  9.440608762859e+000  ,-8.098143577332e-004  ,2.393023362474e-004  ,7.642543213166e-004  ,1.283703270748e-003  ,-1.259162263889e+000  ,-8.904179494578e-001  ,-6.298471855209e-001  ,-1.259755537823e-001  
  1.000000000000e+001  ,-9.374252839753e-004  ,2.396857509994e-004  ,8.286959423918e-004  ,1.411539885681e-003  ,-1.333765815161e+000  ,-9.431831971332e-001  ,-6.671745598903e-001  ,-1.334420442686e-001  
  1.059253725177e+001  ,-1.080604883778e-003  ,2.401136959619e-004  ,9.009995099387e-004  ,1.554977078456e-003  ,-1.412788678982e+000  ,-9.990758619688e-001  ,-7.067149611013e-001  ,-1.413513234852e-001  
  1.122018454302e+001  ,-1.241252249351e-003  ,2.405910211116e-004  ,9.821240362801e-004  ,1.715918964661e-003  ,-1.496492485069e+000  ,-1.058281420868e+000  ,-7.485997531677e-001  ,-1.497296983391e-001  
  1.188502227437e+001  ,-1.421498048805e-003  ,2.411230172111e-004  ,1.073145475766e-003  ,1.896502141450e-003  ,-1.585154322146e+000  ,-1.120996372172e+000  ,-7.929681280150e-001  ,-1.586050477278e-001  
  1.258925411794e+001  ,-1.623732744257e-003  ,2.417154303521e-004  ,1.175270974361e-003  ,2.099124091956e-003  ,-1.679067645742e+000  ,-1.187428894603e+000  ,-8.399675776298e-001  ,-1.680069181777e-001  
  1.333521432163e+001  ,-1.850638243188e-003  ,2.423744683073e-004  ,1.289854852898e-003  ,2.326475065212e-003  ,-1.778543238246e+000  ,-1.257799546368e+000  ,-8.897543957545e-001  ,-1.779666256209e-001  
  1.412537544623e+001  ,-2.105223399256e-003  ,2.431067948947e-004  ,1.418416534259e-003  ,2.581573858341e-003  ,-1.883910224006e+000  ,-1.332342006997e+000  ,-9.424942111741e-001  ,-1.885173637612e-001  
  1.496235656094e+001  ,-2.390863829164e-003  ,2.439195075125e-004  ,1.562660649925e-003  ,2.867807979997e-003  ,-1.995517142400e+000  ,-1.411303864699e+000  ,-9.983625548182e-001  ,-1.996943195288e-001  
  1.584893192461e+001  ,-2.711346568159e-003  ,2.448200918547e-004  ,1.724499589871e-003  ,3.188978733996e-003  ,-2.113733081906e+000  ,-1.494947452243e+000  ,-1.057545463101e+000  ,-2.115347961658e-001  
  1.678804018123e+001  ,-3.070920149268e-003  ,2.458163455047e-004  ,1.906078791186e-003  ,3.549351828256e-003  ,-2.238948878281e+000  ,-1.583550734562e+000  ,-1.120240120145e+000  ,-2.240783445478e-001  
  1.778279410039e+001  ,-3.474350761816e-003  ,2.469162603113e-004  ,2.109805096419e-003  ,3.953714189566e-003  ,-2.371578380099e+000  ,-1.677408251579e+000  ,-1.186655541778e+000  ,-2.373669034069e-001  
  1.883649089490e+001  ,-3.926985222814e-003  ,2.481278500478e-004  ,2.338378551932e-003  ,4.407437749560e-003  ,-2.512059784922e+000  ,-1.776832120012e+000  ,-1.257013304495e+000  ,-2.514449491956e-001  
  1.995262314969e+001  ,-4.434821582330e-003  ,2.494589061863e-004  ,2.594828060791e-003  ,4.916551062227e-003  ,-2.660857049499e+000  ,-1.882153098244e+000  ,-1.331548322864e+000  ,-2.663596564159e-001  
  2.113489039837e+001  ,-5.004588281386e-003  ,2.509166601109e-004  ,2.882551354070e-003  ,5.487819721499e-003  ,-2.818461377398e+000  ,-1.993721718675e+000  ,-1.410509679269e+000  ,-2.821610693355e-001  
  2.238721138568e+001  ,-5.643832890001e-003  ,2.525073235839e-004  ,3.205359798764e-003  ,6.128836668283e-003  ,-2.985392787513e+000  ,-2.111909492394e+000  ,-1.494161510244e+000  ,-2.989022861240e-001  
  2.371373705662e+001  ,-6.361021573807e-003  ,2.542354717812e-004  ,3.567528622385e-003  ,6.848123613844e-003  ,-3.162201766884e+000  ,-2.237110191427e+000  ,-1.582783954181e+000  ,-3.166396565716e-001  
  2.511886431510e+001  ,-7.165650572915e-003  ,2.561032236793e-004  ,3.973853201734e-003  ,7.655244961169e-003  ,-3.349471011196e+000  ,-2.369741214317e+000  ,-1.676674165710e+000  ,-3.354329947056e-001  
  2.660725059799e+001  ,-8.068371126476e-003  ,2.581091617885e-004  ,4.429712138821e-003  ,8.560935780971e-003  ,-3.547817256241e+000  ,-2.510245041351e+000  ,-1.776147402696e+000  ,-3.553458077932e-001  
  2.818382931264e+001  ,-9.081129443347e-003  ,2.602469179647e-004  ,4.941137931439e-003  ,9.577245597551e-003  ,-3.757893203463e+000  ,-2.659090786379e+000  ,-1.881538192516e+000  ,-3.764455434261e-001  
  2.985382618918e+001  ,-1.021732350366e-002  ,2.625033323314e-004  ,5.514896137964e-003  ,1.071769996389e-002  ,-3.980389542449e+000  ,-2.816775852887e+000  ,-1.993201585150e+000  ,-3.988038566205e-001  
  3.162277660168e+001  ,-1.149197868146e-002  ,2.648560671150e-004  ,6.158574039506e-003  ,1.199748206047e-002  ,-4.216037072924e+000  ,-2.983827702788e+000  ,-2.111514501554e+000  ,-4.224968991507e-001  
  3.349654391578e+001  ,-1.292194440439e-002  ,2.672705261658e-004  ,6.880679915452e-003  ,1.343363684142e-002  ,-4.465608928350e+000  ,-3.160805747336e+000  ,-2.236877186977e+000  ,-4.476056336622e-001  
  3.548133892336e+001  ,-1.452611431655e-002  ,2.696958909626e-004  ,7.690754173985e-003  ,1.504530058016e-002  ,-4.729922902658e+000  ,-3.348303370617e+000  ,-2.369714780181e+000  ,-4.742161755038e-001  
  3.758374042884e+001  ,-1.632567268571e-002  ,2.720600337006e-004  ,8.599493715753e-003  ,1.685395904197e-002  ,-5.009843880911e+000  ,-3.546950097285e+000  ,-2.510479011075e+000  ,-5.024201656780e-001  
  3.981071705535e+001  ,-1.834437009801e-002  ,2.742630052664e-004  ,9.618891059981e-003  ,1.888373793729e-002  ,-5.306286373757e+000  ,-3.757413917605e+000  ,-2.659650041131e+000  ,-5.323151788559e-001  
  4.216965034286e+001  ,-2.060883181383e-002  ,2.761687156071e-004  ,1.076238992497e-002  ,2.116172979822e-002  ,-5.620217154377e+000  ,-3.980403784456e+000  ,-2.817738463042e+000  ,-5.640051710515e-001  
  4.466835921510e+001  ,-2.314890251945e-002  ,2.775943239348e-004  ,1.204505913337e-002  ,2.371836197944e-002  ,-5.952657995198e+000  ,-4.216672298802e+000  ,-2.985287478630e+000  ,-5.976009723215e-001  
  4.731512589615e+001  ,-2.599803160091e-002  ,2.782967289789e-004  ,1.348378690350e-002  ,2.658781112543e-002  ,-6.304688499871e+000  ,-4.467018602239e+000  ,-3.162875276944e+000  ,-6.332208307761e-001  
  5.011872336273e+001  ,-2.919370348947e-002  ,2.779553900322e-004  ,1.509749779277e-002  ,2.980847018398e-002  ,-6.677449023885e+000  ,-4.732291497690e+000  ,-3.351117638006e+000  ,-6.709910152850e-001  
  5.308844442310e+001  ,-3.277791808392e-002  ,2.761505079052e-004  ,1.690739477624e-002  ,3.342347489485e-002  ,-7.072143674555e+000  ,-5.013392822132e+000  ,-3.550670791753e+000  ,-7.110464855788e-001  
  5.623413251903e+001  ,-3.679772674001e-002  ,2.723353410507e-004  ,1.893722917031e-002  ,3.748129766604e-002  ,-7.490043378025e+000  ,-5.311281098508e+000  ,-3.762234566629e+000  ,-7.535316400252e-001  
  5.956621435290e+001  ,-4.130582983103e-002  ,2.658011124751e-004  ,2.121360134505e-002  ,4.203641788792e-002  ,-7.932488997111e+000  ,-5.626975497723e+000  ,-3.986555868042e+000  ,-7.986011532596e-001  
  6.309573444802e+001  ,-4.636124242098e-002  ,2.556325600851e-004  ,2.376629540386e-002  ,4.715007906107e-002  ,-8.400894479350e+000  ,-5.961560145988e+000  ,-4.224432533772e+000  ,-8.464209181475e-001  
  6.683439175686e+001  ,-5.203003514678e-002  ,2.406516757523e-004  ,2.662865123833e-002  ,5.289114465872e-002  ,-8.896750009244e+000  ,-6.316188817747e+000  ,-4.476717621559e+000  ,-8.971691093251e-001  
  7.079457843841e+001  ,-5.838615796888e-002  ,2.193465395285e-004  ,2.983797757756e-002  ,5.933706645498e-002  ,-9.421625132336e+000  ,-6.692090060202e+000  ,-4.744324193799e+000  ,-9.510373889429e-001  
  7.498942093325e+001  ,-6.551235500726e-002  ,1.897813510618e-004  ,3.343600983129e-002  ,6.657498117806e-002  ,-9.977171811295e+000  ,-7.090572802058e+000  ,-5.028230675833e+000  ,-1.008232279334e+000  
  7.943282347243e+001  ,-7.350117921516e-002  ,1.494827476236e-004  ,3.746941665190e-002  ,7.470295385889e-002  ,-1.056512736536e+001  ,-7.513032506650e+000  ,-5.329486878117e+000  ,-1.068976732339e+000  
  8.413951416452e+001  ,-8.245611613038e-002  ,9.529622439425e-005  ,4.199035918291e-002  ,8.383138922310e-002  ,-1.118731723422e+001  ,-7.960957938280e+000  ,-5.649220788992e+000  ,-1.133511931184e+000  
  8.912509381337e+001  ,-9.249282635489e-002  ,2.320486958155e-005  ,4.705710688160e-002  ,9.408463601958e-002  ,-1.184565749544e+001  ,-8.435938620340e+000  ,-5.988646264542e+000  ,-1.202099368332e+000  
  9.440608762859e+001  ,-1.037405167053e-001  ,-7.189938868164e-005  ,5.273471354455e-002  ,1.056028134195e-001  ,-1.254215705069e+001  ,-8.939673074869e+000  ,-6.349071765576e+000  ,-1.275023252144e+000  
  1.000000000000e+002  ,-1.163434501006e-001  ,-1.965043598600e-004  ,5.909575665375e-002  ,1.185438937198e-001  ,-1.327891937992e+001  ,-9.473977945497e+000  ,-6.731910320117e+000  ,-1.352593306725e+000  
  1.059253725177e+002  ,-1.304626041436e-001  ,-3.588415124682e-004  ,6.622114229566e-002  ,1.330860817482e-001  ,-1.405814374475e+001  ,-1.004079811938e+001  ,-7.138690923758e+000  ,-1.435148043875e+000  
  1.122018454302e+002  ,-1.462774879317e-001  ,-5.693447544164e-004  ,7.420097654820e-002  ,1.494305388543e-001  ,-1.488212570094e+001  ,-1.064221797855e+001  ,-7.571071631119e+000  ,-1.523058604183e+000  
  1.188502227437e+002  ,-1.639881258002e-001  ,-8.412285992281e-004  ,8.313550219501e-002  ,1.678045085238e-001  ,-1.575325675729e+001  ,-1.128047392709e+001  ,-8.030854640790e+000  ,-1.616733287241e+000  
  1.258925411794e+002  ,-1.838172153428e-001  ,-1.191216525408e-003  ,9.313609665726e-002  ,1.884649118974e-001  ,-1.667402299135e+001  ,-1.195796835666e+001  ,-8.520003735376e+000  ,-1.716622919951e+000  
  1.333521432163e+002  ,-2.060124650272e-001  ,-1.640458193631e-003  ,1.043263227853e-001  ,2.117024953850e-001  ,-1.764700240445e+001  ,-1.267728522959e+001  ,-9.040664509570e+000  ,-1.823227249018e+000  
  1.412537544623e+002  ,-2.308491138615e-001  ,-2.215684002506e-003  ,1.168430181542e-001  ,2.378466298715e-001  ,-1.867486076676e+001  ,-1.344120747353e+001  ,-9.595187905170e+000  ,-1.937102591278e+000  
  1.496235656094e+002  ,-2.586326316819e-001  ,-2.950657696742e-003  ,1.308374001107e-001  ,2.672708826852e-001  ,-1.976034567006e+001  ,-1.425273639343e+001  ,-1.018615767548e+001  ,-2.058871037196e+000  
  1.584893192461e+002  ,-2.897015935005e-001  ,-3.888002946405e-003  ,1.464761521479e-001  ,3.003995108402e-001  ,-2.090627847128e+001  ,-1.511511331327e+001  ,-1.081642252619e+001  ,-2.189231583144e+000  
  1.678804018123e+002  ,-3.244307147453e-001  ,-5.081498645320e-003  ,1.639424410141e-001  ,3.377150587865e-001  ,-2.211554377451e+001  ,-1.603184365598e+001  ,-1.148913382942e+001  ,-2.328973673739e+000  
  1.778279410039e+002  ,-3.632340258739e-001  ,-6.598960885589e-003  ,1.834367916400e-001  ,3.797672883356e-001  ,-2.339107606548e+001  ,-1.700672365142e+001  ,-1.220778998686e+001  ,-2.478993775522e+000  
  1.883649089490e+002  ,-4.065681545029e-001  ,-8.525858000906e-003  ,2.051777161788e-001  ,4.271837257402e-001  ,-2.473584308155e+001  ,-1.804386981992e+001  ,-1.297628873092e+001  ,-2.640315790673e+000  
  1.995262314969e+002  ,-4.549356706087e-001  ,-1.096983963231e-002  ,2.294019510352e-001  ,4.806821854289e-001  ,-2.615282547568e+001  ,-1.914775130123e+001  ,-1.379898890477e+001  ,-2.814116372727e+000  
  2.113489039837e+002  ,-5.088884353226e-001  ,-1.406640233369e-002  ,2.563640973171e-001  ,5.410857276470e-001  ,-2.764499231765e+001  ,-2.032322497050e+001  ,-1.468078355557e+001  ,-3.001756552160e+000  
  2.238721138568e+002  ,-5.690308762381e-001  ,-1.798596350694e-002  ,2.863353796211e-001  ,6.093406366524e-001  ,-2.921527197520e+001  ,-2.157557308054e+001  ,-1.562718651053e+001  ,-3.204821557544e+000  
  2.371373705662e+002  ,-6.360230919563e-001  ,-2.294267271081e-002  ,3.196011270987e-001  ,6.865381790747e-001  ,-3.086651793672e+001  ,-2.291054286421e+001  ,-1.664443497832e+001  ,-3.425171385951e+000  
  2.511886431510e+002  ,-7.105836660169e-001  ,-2.920535404072e-002  ,3.564564278618e-001  ,7.739411356324e-001  ,-3.260146918290e+001  ,-2.433438708075e+001  ,-1.773961111024e+001  ,-3.665005622422e+000  
  2.660725059799e+002  ,-7.934920458423e-001  ,-3.711104317468e-002  ,3.971991972908e-001  ,8.730164183400e-001  ,-3.442270479418e+001  ,-2.585390384161e+001  ,-1.892078583199e+001  ,-3.926947367269e+000  
  2.818382931264e+002  ,-8.855903166605e-001  ,-4.708165302432e-002  ,4.421196115487e-001  ,9.854755259393e-001  ,-3.633259260300e+001  ,-2.747647313782e+001  ,-2.019718854482e+001  ,-4.214153111630e+000  
  2.985382618918e+002  ,-9.877841748231e-001  ,-5.964436362248e-002  ,4.914844615772e-001  ,1.113325206602e+000  ,-3.833323187161e+001  ,-2.921008622628e+001  ,-2.157940636342e+001  ,-4.530458339218e+000  
  3.162277660168e+002  ,-1.101042881271e+000  ,-7.545636914543e-002  ,5.455144440711e-001  ,1.258931570576e+000  ,-4.042639020657e+001  ,-3.106336232051e+001  ,-2.307961617517e+001  ,-4.880573065170e+000  
  3.349654391578e+002  ,-1.226397956490e+000  ,-9.533460207889e-002  ,6.043516806501e-001  ,1.425102151435e+000  ,-4.261343521445e+001  ,-3.304554476945e+001  ,-2.471185157295e+001  ,-5.270348344441e+000  
  3.548133892336e+002  ,-1.364940366149e+000  ,-1.202909515923e-001  ,6.680137965787e-001  ,1.615192247554e+000  ,-4.489526176252e+001  ,-3.516646601052e+001  ,-2.649230396622e+001  ,-5.707145506445e+000  
  3.758374042884e+002  ,-1.517815945235e+000  ,-1.515732413460e-001  ,7.363296547106e-001  ,1.833244592758e+000  ,-4.727221613028e+001  ,-3.743646702087e+001  ,-2.843965182335e+001  ,-6.200357134669e+000  
  3.981071705535e+002  ,-1.686218821878e+000  ,-1.907117492532e-001  ,8.088503217231e-001  ,2.084175499633e+000  ,-4.974401881225e+001  ,-3.986625286646e+001  ,-3.057540231407e+001  ,-6.762157329736e+000  
  4.216965034286e+002  ,-1.871382634243e+000  ,-2.395702322399e-001  ,8.847271280806e-001  ,2.374026890422e+000  ,-5.230968824011e+001  ,-4.246666160978e+001  ,-3.292421296030e+001  ,-7.408607300010e+000  
  4.466835921510e+002  ,-2.074569388474e+000  ,-3.003991406507e-001  ,9.625470664496e-001  ,2.710313385992e+000  ,-5.496746820220e+001  ,-4.524832005428e+001  ,-3.551413345019e+001  ,-8.161327535763e+000  
  4.731512589615e+002  ,-2.297055885526e+000  ,-3.758868564807e-001  ,1.040114975851e+000  ,3.102508991508e+000  ,-5.771476220940e+001  ,-4.822115798132e+001  ,-3.837666453175e+001  ,-9.050103055762e+000  
  5.011872336273e+002  ,-2.540117750585e+000  ,-4.692023175389e-001  ,1.114173481109e+000  ,3.562742257321e+000  ,-6.054807843490e+001  ,-5.139375492826e+001  ,-4.154646657402e+001  ,-1.011708281559e+001  
  5.308844442310e+002  ,-2.805011229226e+000  ,-5.840194067154e-001  ,1.180058280118e+000  ,4.106806864118e+000  ,-6.346298908094e+001  ,-5.477250334031e+001  ,-4.506046237389e+001  ,-1.142381988723e+001  
  5.623413251903e+002  ,-3.092953064442e+000  ,-7.245104030804e-001  ,1.231302632764e+000  ,4.755650580231e+000  ,-6.645410803579e+001  ,-5.836059287860e+001  ,-4.895597473613e+001  ,-1.306362495716e+001  
  5.956621435290e+002  ,-3.405098929650e+000  ,-8.952934768821e-001  ,1.259236910271e+000  ,5.537570000337e+000  ,-6.951509042080e+001  ,-6.215685606994e+001  ,-5.326745204236e+001  ,-1.518442614227e+001  
  6.309573444802e+002  ,-3.742521052322e+000  ,-1.101319068733e+000  ,1.252682061467e+000  ,6.491321388466e+000  ,-7.263865704904e+001  ,-6.615456595014e+001  ,-5.802134498182e+001  ,-1.803375567571e+001  
  6.683439175686e+002  ,-4.106185805682e+000  ,-1.347683812018e+000  ,1.197906966582e+000  ,7.669756800529e+000  ,-7.581664590876e+001  ,-7.034033659332e+001  ,-6.322895144434e+001  ,-2.205361360726e+001  
  7.079457843841e+002  ,-4.496932154687e+000  ,-1.639370019198e+000  ,1.079084118004e+000  ,9.139777014340e+000  ,-7.904009156635e+001  ,-7.469333314054e+001  ,-6.887772998916e+001  ,-2.809466106662e+001  
  7.498942093325e+002  ,-4.915451900971e+000  ,-1.980923947459e+000  ,8.794753649037e-001  ,1.095338900081e+001  ,-8.229933191851e+001  ,-7.918502544949e+001  ,-7.492277422587e+001  ,-3.791294610491e+001  
  7.943282347243e+002  ,-5.362272665731e+000  ,-2.376104823365e+000  ,5.834239566428e-001  ,1.296076725377e+001  ,-8.558414011481e+001  ,-8.377969144774e+001  ,-8.128151544917e+001  ,-5.506453199827e+001  
  8.413951416452e+002  ,-5.837744472084e+000  ,-2.827553556577e+000  ,1.788806510477e-001  ,1.413319107902e+001  ,-8.888387785939e+001  ,-8.843577503447e+001  ,-8.783530991537e+001  ,-8.344238331968e+001  
  8.912509381337e+002  ,-6.342030638855e+000  ,-3.336537919750e+000  ,-3.402285485480e-001  ,1.283145359836e+001  ,-9.218766484063e+001  ,-9.310803741284e+001  ,-9.444013502995e+001  ,-1.151169810132e+002  
  9.440608762859e+002  ,-6.875103484958e+000  ,-3.902823810884e+000  ,-9.726720866966e-001  ,9.950747476573e+000  ,-9.548455788648e+001  ,-9.775025290317e+001  ,-1.009449619956e+002  ,-1.365267172727e+002  
  1.000000000000e+003  ,-7.436745084419e+000  ,-4.524699441667e+000  ,-1.710190224353e+000  ,7.014713080641e+000  ,-9.876373272927e+001  ,-1.023180563720e+002  ,-1.072124175577e+002  ,-1.487048926418e+002  
  1.059253725177e+003  ,-8.026553030193e+000  ,-5.199147323911e+000  ,-2.539257120698e+000  ,4.409968404376e+000  ,-1.020146610722e+002  ,-1.067715074157e+002  ,-1.131350519086e+002  ,-1.559588305498e+002  
  1.122018454302e+003  ,-8.643950887109e+000  ,-5.922128748598e+000  ,-3.443597616374e+000  ,2.123380816931e+000  ,-1.052272760022e+002  ,-1.110770142558e+002  ,-1.186429726324e+002  ,-1.606460456347e+002  
  1.188502227437e+003  ,-9.288202766530e+000  ,-6.688927146523e+000  ,-4.406594331614e+000  ,8.671683711705e-002  ,-1.083921196473e+002  ,-1.152084251021e+002  ,-1.237027910977e+002  ,-1.638931629280e+002  
  1.258925411794e+003  ,-9.958431259800e+000  ,-7.494494582595e+000  ,-5.413022980614e+000  ,-1.759061519199e+000  ,-1.115004682391e+002  ,-1.191472822344e+002  ,-1.283108533193e+002  ,-1.662680742377e+002  
  1.333521432163e+003  ,-1.065363783866e+001  ,-8.333757078277e+000  ,-6.449977024127e+000  ,-3.457911449368e+000  ,-1.145444312598e+002  ,-1.228823829743e+002  ,-1.324843856823e+002  ,-1.680797851053e+002  
  1.412537544623e+003  ,-1.137272477498e+001  ,-9.201852706722e+000  ,-7.507130794026e+000  ,-5.041871315103e+000  ,-1.175170229846e+002  ,-1.264088696870e+002  ,-1.362531951057e+002  ,-1.695085170955e+002  
  1.496235656094e+003  ,-1.211451764638e+001  ,-1.009429449799e+001  ,-8.576586360166e+000  ,-6.534511158741e+000  ,-1.204122063138e+002  ,-1.297270791339e+002  ,-1.396531741088e+002  ,-1.706656874444e+002  
  1.584893192461e+003  ,-1.287778756931e+001  ,-1.100706368145e+001  ,-9.652520949431e+000  ,-7.953475781297e+000  ,-1.232249101873e+002  ,-1.328413423063e+002  ,-1.427218282771e+002  ,-1.716235845680e+002  
  1.678804018123e+003  ,-1.366127242176e+001  ,-1.193664632114e+001  ,-1.073078029494e+001  ,-9.312223987652e+000  ,-1.259510230149e+002  ,-1.357588666159e+002  ,-1.454955208316e+002  ,-1.724310341454e+002  
  1.778279410039e+003  ,-1.446369646705e+001  ,-1.288002879676e+001  ,-1.180849683825e+001  ,-1.062120612189e+001  ,-1.285873653667e+002  ,-1.384887740459e+002  ,-1.480079758163e+002  ,-1.731221496295e+002  
  1.883649089490e+003  ,-1.528378795199e+001  ,-1.383466658834e+001  ,-1.288376594236e+001  ,-1.188866922385e+001  ,-1.311316456552e+002  ,-1.410413228462e+002  ,-1.502896164191e+002  ,-1.737214629158e+002  
  1.995262314969e+003  ,-1.612029441118e+001  ,-1.479843814530e+001  ,-1.395538717959e+001  ,-1.312121678175e+001  ,-1.335824027253e+002  ,-1.434273096799e+002  ,-1.523674138289e+002  ,-1.742470608154e+002  
  2.113489039837e+003  ,-1.697199555451e+001  ,-1.576959250039e+001  ,-1.502266529616e+001  ,-1.432420513700e+001  ,-1.359389391893e+002  ,-1.456576320434e+002  ,-1.542650227860e+002  ,-1.747125729860e+002  
  2.238721138568e+003  ,-1.783771373833e+001  ,-1.674669643729e+001  ,-1.608526092621e+001  ,-1.550202943673e+001  ,-1.382012490782e+002  ,-1.477429836867e+002  ,-1.560030602959e+002  ,-1.751284722817e+002  
  2.371373705662e+003  ,-1.871632211898e+001  ,-1.772858473939e+001  ,-1.714308060445e+001  ,-1.665833358410e+001  ,-1.403699429737e+002  ,-1.496936549722e+002  ,-1.575994408358e+002  ,-1.755029493267e+002  
  2.511886431510e+003  ,-1.960675065985e+001  ,-1.871431538335e+001  ,-1.819619681364e+001  ,-1.779616696706e+001  ,-1.424461733063e+002  ,-1.515194127496e+002  ,-1.590697188087e+002  ,-1.758425155073e+002  
  2.660725059799e+003  ,-2.050799021049e+001  ,-1.970313041829e+001  ,-1.924479050553e+001  ,-1.891810328628e+001  ,-1.444315620066e+002  ,-1.532294384082e+002  ,-1.604274124047e+002  ,-1.761524281663e+002  
  2.818382931264e+003  ,-2.141909490270e+001  ,-2.069442256857e+001  ,-2.028911020368e+001  ,-2.002633196366e+001  ,-1.463281322036e+002  ,-1.548323071061e+002  ,-1.616842970378e+002  ,-1.764369967159e+002  
  2.985382618918e+003  ,-2.233918311714e+001  ,-2.168770719742e+001  ,-2.132944322507e+001  ,-2.112272942216e+001  ,-1.481382452242e+002  ,-1.563359951705e+002  ,-1.628506645518e+002  ,-1.766998073995e+002  
  3.162277660168e+003  ,-2.326743726876e+001  ,-2.268259907030e+001  ,-2.236609569882e+001  ,-2.220891539021e+001  ,-1.498645437570e+002  ,-1.577479060385e+002  ,-1.639355487499e+002  ,-1.769438915428e+002  
  3.349654391578e+003  ,-2.420310264490e+001  ,-2.367879328709e+001  ,-2.339937893724e+001  ,-2.328629792833e+001  ,-1.515099017299e+002  ,-1.590749078219e+002  ,-1.649469199699e+002  ,-1.771718540132e+002  
  3.548133892336e+003  ,-2.514548550845e+001  ,-2.467604975824e+001  ,-2.442960037338e+001  ,-2.435610986976e+001  ,-1.530773811988e+002  ,-1.603233776910e+002  ,-1.658918523546e+002  ,-1.773859733971e+002  
  3.758374042884e+003  ,-2.609395065394e+001  ,-2.567418064687e+001  ,-2.545705776546e+001  ,-2.541943866200e+001  ,-1.545701963662e+002  ,-1.614992498625e+002  ,-1.667766676913e+002  ,-1.775882819887e+002  
  3.981071705535e+003  ,-2.704791857806e+001  ,-2.667304026378e+001  ,-2.648203572619e+001  ,-2.647725109514e+001  ,-1.559916847261e+002  ,-1.626080651617e+002  ,-1.676070595773e+002  ,-1.777806314244e+002  
  4.216965034286e+003  ,-2.800686240021e+001  ,-2.767251697319e+001  ,-2.750480389454e+001  ,-2.753041404288e+001  ,-1.573452852694e+002  ,-1.636550209960e+002  ,-1.683882013820e+002  ,-1.779647482764e+002  
  4.466835921510e+003  ,-2.897030464314e+001  ,-2.867252673400e+001  ,-2.852561625627e+001  ,-2.857971208042e+001  ,-1.586345236663e+002  ,-1.646450212114e+002  ,-1.691248411455e+002  ,-1.781422829065e+002  
  4.731512589615e+003  ,-2.993781396108e+001  ,-2.967300796320e+001  ,-2.954471125578e+001  ,-2.962586265088e+001  ,-1.598630043669e+002  ,-1.655827257669e+002  ,-1.698213862290e+002  ,-1.783148542036e+002  
  5.011872336273e+003  ,-3.090900188036e+001  ,-3.067391746021e+001  ,-3.056231243994e+001  ,-3.066952930938e+001  ,-1.610344096247e+002  ,-1.664726005061e+002  ,-1.704819802500e+002  ,-1.784840923963e+002  
  5.308844442310e+003  ,-3.188351959816e+001  ,-3.167522717508e+001  ,-3.157862944375e+001  ,-3.171133346678e+001  ,-1.621525055404e+002  ,-1.673189675746e+002  ,-1.711105746070e+002  ,-1.786516818825e+002  
  5.623413251903e+003  ,-3.286105486609e+001  ,-3.267692163835e+001  ,-3.259385917652e+001  ,-3.275186497393e+001  ,-1.632211553480e+002  ,-1.681260572510e+002  ,-1.717109967308e+002  ,-1.788194059049e+002  
  5.956621435290e+003  ,-3.384132896688e+001  ,-3.367899589675e+001  ,-3.360818709927e+001  ,-3.379169182484e+001  ,-1.642443403183e+002  ,-1.688980621512e+002  ,-1.722870170974e+002  ,-1.789891949155e+002  
  6.309573444802e+003  ,-3.482409377408e+001  ,-3.468145381659e+001  ,-3.462178850270e+001  ,-3.483136920680e+001  ,-1.652261888357e+002  ,-1.696391949588e+002  ,-1.728424169970e+002  ,-1.791631805930e+002  
  6.683439175686e+003  ,-3.580912886364e+001  ,-3.568430662591e+001  ,-3.563482970308e+001  ,-3.587144808425e+001  ,-1.661710144183e+002  ,-1.703537510293e+002  ,-1.733810590798e+002  ,-1.793437577192e+002  
  7.079457843841e+003  ,-3.679623862204e+001  ,-3.668757156556e+001  ,-3.664746906908e+001  ,-3.691248346465e+001  ,-1.670833636958e+002  ,-1.710461774370e+002  ,-1.739069627922e+002  ,-1.795336564813e+002  
  7.498942093325e+003  ,-3.778524926497e+001  ,-3.769127050781e+001  ,-3.765985777752e+001  ,-3.795504245533e+001  ,-1.679680756428e+002  ,-1.717211502856e+002  ,-1.744243869741e+002  ,-1.797360282895e+002  
  7.943282347243e+003  ,-3.877600564030e+001  ,-3.869542837539e+001  ,-3.867214016596e+001  ,-3.899971217378e+001  ,-1.688303536890e+002  ,-1.723836623958e+002  ,-1.749379221264e+002  ,-1.799545488899e+002  
  8.413951416452e+003  ,-3.976836763427e+001  ,-3.970007115035e+001  ,-3.968445350161e+001  ,-4.004710751204e+001  ,-1.696758526958e+002  ,-1.730391238294e+002  ,-1.754525951611e+002  ,-1.801935488110e+002  
  8.912509381337e+003  ,-4.076220592442e+001  ,-4.070522319446e+001  ,-4.069692691379e+001  ,-4.109787866707e+001  ,-1.705107831997e+002  ,-1.736934781004e+002  ,-1.759739898372e+002  ,-1.804581451772e+002  
  9.440608762859e+003  ,-4.175739671746e+001  ,-4.171090350243e+001  ,-4.170967913023e+001  ,-4.215271821484e+001  ,-1.713420357757e+002  ,-1.743533373775e+002  ,-1.765083865478e+002  ,-1.807544622247e+002  
  1.000000000000e+004  ,-4.275381496193e+001  ,-4.271712036298e+001  ,-4.272281450309e+001  ,-4.321236729969e+001  ,-1.721773288504e+002  ,-1.750261404628e+002  ,-1.770629256530e+002  ,-1.810898438213e+002  
  1.059253725177e+004  ,-4.375132531782e+001  ,-4.372386369256e+001  ,-4.373641659009e+001  ,-4.427762018724e+001  ,-1.730253837608e+002  ,-1.757203378329e+002  ,-1.776457991193e+002  ,-1.814731501777e+002  
  1.122018454302e+004  ,-4.474976987345e+001  ,-4.473109400825e+001  ,-4.475053824039e+001  ,-4.534932592205e+001  ,-1.738961312383e+002  ,-1.764456084594e+002  ,-1.782664757664e+002  ,-1.819151227788e+002  
  1.188502227437e+004  ,-4.574895119209e+001  ,-4.573872658420e+001  ,-4.576518668858e+001  ,-4.642838502986e+001  ,-1.748009536726e+002  ,-1.772131133731e+002  ,-1.789359658037e+002  ,-1.824288432626e+002  
  1.258925411794e+004  ,-4.674860870424e+001  ,-4.674660874577e+001  ,-4.678030152992e+001  ,-4.751573793702e+001  ,-1.757529672329e+002  ,-1.780357907536e+002  ,-1.796671303303e+002  ,-1.830303121326e+002  
  1.333521432163e+004  ,-4.774838568363e+001  ,-4.775448743759e+001  ,-4.779572257164e+001  ,-4.861233977170e+001  ,-1.767673467887e+002  ,-1.789286962998e+002  ,-1.804750459583e+002  ,-1.837391795293e+002  
  1.412537544623e+004  ,-4.874778299273e+001  ,-4.876196308740e+001  ,-4.881114334420e+001  ,-4.971911303207e+001  ,-1.778616938733e+002  ,-1.799093900284e+002  ,-1.813773950653e+002  ,-1.845796667427e+002  
  1.496235656094e+004  ,-4.974609439759e+001  ,-4.976842430421e+001  ,-4.982604442710e+001  ,-5.083686458879e+001  ,-1.790564424990e+002  ,-1.809983705629e+002  ,-1.823949585569e+002  ,-1.855817216428e+002  
  1.584893192461e+004  ,-5.074231649917e+001  ,-5.077295605266e+001  ,-5.083959862507e+001  ,-5.196614564229e+001  ,-1.803752928849e+002  ,-1.822195105242e+002  ,-1.835520914813e+002  ,-1.867824487659e+002  
  1.678804018123e+004  ,-5.173502426915e+001  ,-5.177421167809e+001  ,-5.185053744268e+001  ,-5.310702120879e+001  ,-1.818456082529e+002  ,-1.836005400697e+002  ,-1.848772289638e+002  ,-1.882278343936e+002  
  1.778279410039e+004  ,-5.272220109030e+001  ,-5.277023679035e+001  ,-5.285696550140e+001  ,-5.425869788838e+001  ,-1.834987918099e+002  ,-1.851734083969e+002  ,-1.864033251464e+002  ,-1.899747255300e+002  
  1.883649089490e+004  ,-5.370101083003e+001  ,-5.375823131311e+001  ,-5.385610731272e+001  ,-5.541893419924e+001  ,-1.853704271181e+002  ,-1.869744884901e+002  ,-1.881681100637e+002  ,-1.920928733621e+002  
  1.995262314969e+004  ,-5.466750045579e+001  ,-5.473423669917e+001  ,-5.484397103062e+001  ,-5.658312943713e+001  ,-1.875000784502e+002  ,-1.890444005374e+002  ,-1.902139576091e+002  ,-1.946665319652e+002  
  2.113489039837e+004  ,-5.561622819428e+001  ,-5.569274182231e+001  ,-5.581492027755e+001  ,-5.774296917199e+001  ,-1.899304338065e+002  ,-1.914271551854e+002  ,-1.925870318687e+002  ,-1.977944742489e+002  
  2.238721138568e+004  ,-5.653982961388e+001  ,-5.662621931727e+001  ,-5.676116469283e+001  ,-5.888454142117e+001  ,-1.927053850896e+002  ,-1.941681732413e+002  ,-1.953352179448e+002  ,-2.015861854014e+002  
  2.371373705662e+004  ,-5.742856985885e+001  ,-5.752464273047e+001  ,-5.767222268501e+001  ,-5.998602792149e+001  ,-1.958665212694e+002  ,-1.973106085828e+002  ,-1.985041867840e+002  ,-2.061504159264e+002  
  2.511886431510e+004  ,-5.826999177682e+001  ,-5.837510222825e+001  ,-5.853448656418e+001  ,-6.101559051290e+001  ,-1.994475022555e+002  ,-2.008893827540e+002  ,-2.021309079245e+002  ,-2.115709798478e+002  
  2.660725059799e+004  ,-5.904885494215e+001  ,-5.916173136099e+001  ,-5.933113028479e+001  ,-6.193103286691e+001  ,-2.034660563431e+002  ,-2.049226330259e+002  ,-2.062342453925e+002  ,-2.178663362074e+002  
  2.818382931264e+004  ,-5.974764100385e+001  ,-5.986624791895e+001  ,-6.004270700401e+001  ,-6.268380845007e+001  ,-2.079141389157e+002  ,-2.094011513635e+002  ,-2.108032783127e+002  ,-2.249389975941e+002  
  2.985382618918e+004  ,-6.034790204146e+001  ,-6.046941387508e+001  ,-6.064878645208e+001  ,-6.322933142753e+001  ,-2.127482199182e+002  ,-2.142779862408e+002  ,-2.157858510468e+002  ,-2.325398697735e+002  
  3.162277660168e+004  ,-6.083254223505e+001  ,-6.095350869782e+001  ,-6.113073048929e+001  ,-6.354135356980e+001  ,-2.178833399255e+002  ,-2.194622432993e+002  ,-2.210820310223e+002  ,-2.402861185313e+002  
  3.349654391578e+004  ,-6.118869774938e+001  ,-6.130543026948e+001  ,-6.147513490925e+001  ,-6.362240122300e+001  ,-2.231952658431e+002  ,-2.248218434932e+002  ,-2.265479061843e+002  ,-2.477484168915e+002  
  3.548133892336e+004  ,-6.141037349170e+001  ,-6.151947708189e+001  ,-6.167681969044e+001  ,-6.350249265243e+001  ,-2.285332322677e+002  ,-2.301978145787e+002  ,-2.320123846235e+002  ,-2.545664434988e+002  
  3.758374042884e+004  ,-6.149979959881e+001  ,-6.159867663310e+001  ,-6.174008309312e+001  ,-6.322717055873e+001  ,-2.337412116438e+002  ,-2.354275276500e+002  ,-2.373034780265e+002  ,-2.605237268384e+002  
  3.981071705535e+004  ,-6.146689641933e+001  ,-6.155404334395e+001  ,-6.167761276270e+001  ,-6.284346677885e+001  ,-2.386810069762e+002  ,-2.403692482850e+002  ,-2.422749488185e+002  ,-2.655521665174e+002  
  4.216965034286e+004  ,-6.132709565358e+001  ,-6.140211737383e+001  ,-6.150758530290e+001  ,-6.239086850016e+001  ,-2.432493792344e+002  ,-2.449195706412e+002  ,-2.468239693419e+002  ,-2.696903745632e+002  
  4.466835921510e+004  ,-6.109844393720e+001  ,-6.116184283774e+001  ,-6.125021874866e+001  ,-6.189840342277e+001  ,-2.473848479262e+002  ,-2.490194557684e+002  ,-2.508957931821e+002  ,-2.730337010237e+002  
  4.731512589615e+004  ,-6.079898216300e+001  ,-6.085184752836e+001  ,-6.092493025102e+001  ,-6.138552235167e+001  ,-2.510648607958e+002  ,-2.526501705384e+002  ,-2.544777505700e+002  ,-2.756968921238e+002  
  5.011872336273e+004  ,-6.044497185991e+001  ,-6.048868216198e+001  ,-6.054861944516e+001  ,-6.086434860958e+001  ,-2.542972185681e+002  ,-2.558236067496e+002  ,-2.575879397067e+002  ,-2.777927005752e+002  
  5.308844442310e+004  ,-6.005004213483e+001  ,-6.008603963580e+001  ,-6.013500966205e+001  ,-6.034193359528e+001  ,-2.571099260078e+002  ,-2.585714322467e+002  ,-2.602634214529e+002  ,-2.794222128901e+002  
  5.623413251903e+004  ,-5.962503464310e+001  ,-5.965468360441e+001  ,-5.969470471810e+001  ,-5.982203542459e+001  ,-2.595422096429e+002  ,-2.609358086004e+002  ,-2.625505815452e+002  ,-2.806719291706e+002  
  5.956621435290e+004  ,-5.917825460758e+001  ,-5.920276840554e+001  ,-5.923560888059e+001  ,-5.930637390769e+001  ,-2.616378086197e+002  ,-2.629626500641e+002  ,-2.644984083840e+002  ,-2.816141151791e+002  
  6.309573444802e+004  ,-5.871589311070e+001  ,-5.873630839485e+001  ,-5.876346144121e+001  ,-5.879546339105e+001  ,-2.634405607254e+002  ,-2.646973108106e+002  ,-2.661543680172e+002  ,-2.823084520545e+002  
  6.683439175686e+004  ,-5.824247494115e+001  ,-5.825965357861e+001  ,-5.828234902803e+001  ,-5.828914463775e+001  ,-2.649918262885e+002  ,-2.661821517203e+002  ,-2.675621987569e+002  ,-2.828040057097e+002  
  7.079457843841e+004  ,-5.776125975704e+001  ,-5.777590485027e+001  ,-5.779513813548e+001  ,-5.778691487687e+001  ,-2.663292010658e+002  ,-2.674553902296e+002  ,-2.687609670660e+002  ,-2.831410912082e+002  
  7.498942093325e+004  ,-5.727457102160e+001  ,-5.728724844503e+001  ,-5.730381527885e+001  ,-5.728812699786e+001  ,-2.674860514511e+002  ,-2.685507481775e+002  ,-2.697848790443e+002  ,-2.833528831022e+002  
  7.943282347243e+004  ,-5.678405178284e+001  ,-5.679521244734e+001  ,-5.680974300496e+001  ,-5.679210564651e+001  ,-2.684915322089e+002  ,-2.694975548371e+002  ,-2.706635042955e+002  ,-2.834667476919e+002  
  8.413951416452e+004  ,-5.629085690861e+001  ,-5.630085737444e+001  ,-5.631384710137e+001  ,-5.629821135743e+001  ,-2.693708613657e+002  ,-2.703210832123e+002  ,-2.714221974655e+002  ,-2.835053229985e+002  
  8.912509381337e+004  ,-5.579579431193e+001  ,-5.580491478081e+001  ,-5.581675081766e+001  ,-5.580587268890e+001  ,-2.701457125329e+002  ,-2.710429851077e+002  ,-2.720825916132e+002  ,-2.834873871849e+002  
  9.440608762859e+004  ,-5.529942708862e+001  ,-5.530788656675e+001  ,-5.531886974565e+001  ,-5.531459904843e+001  ,-2.708346430020e+002  ,-2.716817482816e+002  ,-2.726630943505e+002  ,-2.834285562229e+002  
  1.000000000000e+005  ,-5.480214657283e+001  ,-5.481011536890e+001  ,-5.482047817810e+001  ,-5.482398222222e+001  ,-2.714535129022e+002  ,-2.722531349961e+002  ,-2.731793520008e+002  ,-2.833418462523e+002  
  1.059253725177e+005  ,-5.430422417364e+001  ,-5.431183405067e+001  ,-5.432175512372e+001  ,-5.433369163627e+001  ,-2.720158731356e+002  ,-2.727705826957e+002  ,-2.736446668307e+002  ,-2.832381294876e+002  
  1.122018454302e+005  ,-5.380584793712e+001  ,-5.381320027713e+001  ,-5.382281598029e+001  ,-5.384346647233e+001  ,-2.725333128641e+002  ,-2.732455597425e+002  ,-2.740703633097e+002  ,-2.831265064063e+002  
  1.188502227437e+005  ,-5.330714821850e+001  ,-5.331432054367e+001  ,-5.332373418769e+001  ,-5.335310654700e+001  ,-2.730157645809e+002  ,-2.736878757360e+002  ,-2.744661049964e+002  ,-2.830146118344e+002  
  1.258925411794e+005  ,-5.280821564672e+001  ,-5.281526680173e+001  ,-5.282455593364e+001  ,-5.286246308771e+001  ,-2.734717685968e+002  ,-2.741059492679e+002  ,-2.748401662848e+002  ,-2.829088684929e+002  
  1.333521432163e+005  ,-5.230911366628e+001  ,-5.231608792100e+001  ,-5.232531007657e+001  ,-5.237143004746e+001  ,-2.739087005523e+002  ,-2.745070374087e+002  ,-2.751996642294e+002  ,-2.828146984519e+002  
  1.412537544623e+005  ,-5.180988728447e+001  ,-5.181681757202e+001  ,-5.182601480119e+001  ,-5.187993628965e+001  ,-2.743329662265e+002  ,-2.748974316507e+002  ,-2.755507557756e+002  ,-2.827367005806e+002  
  1.496235656094e+005  ,-5.131056917919e+001  ,-5.131747964451e+001  ,-5.132668206245e+001  ,-5.138793878293e+001  ,-2.747501679585e+002  ,-2.752826249265e+002  ,-2.758988054045e+002  ,-2.826788003111e+002  
  1.584893192461e+005  ,-5.081118398382e+001  ,-5.081809198466e+001  ,-5.082732055087e+001  ,-5.089541683020e+001  ,-2.751652467451e+002  ,-2.756674539619e+002  ,-2.762485277077e+002  ,-2.826443767054e+002  
  1.678804018123e+005  ,-5.031175132705e+001  ,-5.031866900060e+001  ,-5.032793768811e+001  ,-5.040236729044e+001  ,-2.755826036927e+002  ,-2.760562207703e+002  ,-2.766041088566e+002  ,-2.826363708199e+002  
  1.778279410039e+005  ,-4.981228803651e+001  ,-4.981922352259e+001  ,-4.982854100538e+001  ,-4.990880071896e+001  ,-2.760062040728e+002  ,-2.764527966223e+002  ,-2.769693104055e+002  ,-2.826573786032e+002  
  1.883649089490e+005  ,-4.931280979840e+001  ,-4.931976819105e+001  ,-4.932913915188e+001  ,-4.941473833856e+001  ,-2.764396668199e+002  ,-2.768607113804e+002  ,-2.773475583803e+002  ,-2.827097309881e+002  
  1.995262314969e+005  ,-4.881333248411e+001  ,-4.882031656876e+001  ,-4.882974270789e+001  ,-4.892020975498e+001  ,-2.768863419233e+002  ,-2.772832306856e+002  ,-2.777420201812e+002  ,-2.827955633924e+002  
  2.113489039837e+005  ,-4.831387330043e+001  ,-4.832088412191e+001  ,-4.833036493023e+001  ,-4.842525133838e+001  ,-2.773493778275e+002  ,-2.777234231328e+002  ,-2.781556714586e+002  ,-2.829168764899e+002  
  2.238721138568e+005  ,-4.781445188393e+001  ,-4.782148918094e+001  ,-4.783102252781e+001  ,-4.792990520637e+001  ,-2.778317806565e+002  ,-2.781842192613e+002  ,-2.785913548037e+002  ,-2.830755898346e+002  
  2.371373705662e+005  ,-4.731509143862e+001  ,-4.732215397276e+001  ,-4.733173654780e+001  ,-4.743421876095e+001  ,-2.783364668193e+002  ,-2.786684639275e+002  ,-2.790518318286e+002  ,-2.832735896930e+002  
  2.511886431510e+005  ,-4.681582000374e+001  ,-4.682290580515e+001  ,-4.683253344487e+001  ,-4.693824475046e+001  ,-2.788663103284e+002  ,-2.791789633975e+002  ,-2.795398299773e+002  ,-2.835127722478e+002  
  2.660725059799e+005  ,-4.631667193552e+001  ,-4.632377848230e+001  ,-4.633344640573e+001  ,-4.644204184796e+001  ,-2.794241859699e+002  ,-2.797185282966e+002  ,-2.800580852088e+002  ,-2.837950831742e+002  
  2.818382931264e+005  ,-4.581768968917e+001  ,-4.582481403399e+001  ,-4.583451700578e+001  ,-4.594567575924e+001  ,-2.800130092808e+002  ,-2.802900133794e+002  ,-2.806093815147e+002  ,-2.841225544433e+002  
  2.985382618918e+005  ,-4.531892599588e+001  ,-4.532606485008e+001  ,-4.533579728557e+001  ,-4.544922089675e+001  ,-2.806357741315e+002  ,-2.808963549133e+002  ,-2.811965880659e+002  ,-2.844973390679e+002  
  3.162277660168e+005  ,-4.482044654299e+001  ,-4.482759632576e+001  ,-4.483735234881e+001  ,-4.495276268077e+001  ,-2.812955885397e+002  ,-2.815406063071e+002  ,-2.818226946203e+002  ,-2.849217443684e+002  
  3.349654391578e+005  ,-4.432233328299e+001  ,-4.432949014179e+001  ,-4.433926360329e+001  ,-4.445640055618e+001  ,-2.819957091776e+002  ,-2.822259724436e+002  ,-2.824908456504e+002  ,-2.853982641839e+002  
  3.548133892336e+005  ,-4.382468851974e+001  ,-4.383184832574e+001  ,-4.384163278875e+001  ,-4.396025184259e+001  ,-2.827395748322e+002  ,-2.829558429799e+002  ,-2.832043734568e+002  ,-2.859296102784e+002  
  3.758374042884e+005  ,-4.332763994589e+001  ,-4.333479826752e+001  ,-4.334458696285e+001  ,-4.346445656738e+001  ,-2.835308388505e+002  ,-2.837338246473e+002  ,-2.839668302991e+002  ,-2.865187429805e+002  
  3.981071705535e+005  ,-4.283134683502e+001  ,-4.283849889122e+001  ,-4.284828464581e+001  ,-4.296918346521e+001  ,-2.843734003078e+002  ,-2.845637722896e+002  ,-2.847820192872e+002  ,-2.871689008191e+002  
  4.216965034286e+005  ,-4.233600762282e+001  ,-4.234314821699e+001  ,-4.235292335636e+001  ,-4.247463736269e+001  ,-2.852714332616e+002  ,-2.854498180081e+002  ,-2.856540234046e+002  ,-2.878836285699e+002  
  4.466835921510e+005  ,-4.184186914214e+001  ,-4.184899257689e+001  ,-4.185874880180e+001  ,-4.198106820059e+001  ,-2.862294129721e+002  ,-2.863963972950e+002  ,-2.865872315495e+002  ,-2.886668026609e+002  
  4.731512589615e+005  ,-4.134923780168e+001  ,-4.135633777417e+001  ,-4.136606601125e+001  ,-4.148878197597e+001  ,-2.872521373349e+002  ,-2.874082704077e+002  ,-2.875863598546e+002  ,-2.895226522874e+002  
  5.011872336273e+005  ,-4.085849301233e+001  ,-4.086556248975e+001  ,-4.087525271525e+001  ,-4.099815390479e+001  ,-2.883447409648e+002  ,-2.884905364277e+002  ,-2.886564657366e+002  ,-2.904557738022e+002  
  5.308844442310e+005  ,-4.037010315652e+001  ,-4.037713423143e+001  ,-4.038677526764e+001  ,-4.050964410421e+001  ,-2.895126983312e+002  ,-2.896486364151e+002  ,-2.898029510980e+002  ,-2.914711349501e+002  
  5.623413251903e+005  ,-3.988464435117e+001  ,-3.989162807688e+001  ,-3.990120736167e+001  ,-4.002381605770e+001  ,-2.907618110729e+002  ,-2.908883407921e+002  ,-2.910315498281e+002  ,-2.925740642713e+002  
  5.956621435290e+005  ,-3.940282215133e+001  ,-3.940974835897e+001  ,-3.941925169015e+001  ,-3.954135803507e+001  ,-2.920981730779e+002  ,-2.922157145561e+002  ,-2.923482932183e+002  ,-2.937702194893e+002  
  6.309573444802e+005  ,-3.892549615114e+001  ,-3.893235325191e+001  ,-3.894176451151e+001  ,-3.906310746636e+001  ,-2.935281051550e+002  ,-2.936370521590e+002  ,-2.937594451441e+002  ,-2.950655269569e+002  
  6.683439175686e+005  ,-3.845370712512e+001  ,-3.846048190457e+001  ,-3.846978277208e+001  ,-3.859007797712e+001  ,-2.950580492505e+002  ,-2.951587720146e+002  ,-2.952713969920e+002  ,-2.964660823394e+002  
  7.079457843841e+005  ,-3.798870587305e+001  ,-3.799538328887e+001  ,-3.800455295892e+001  ,-3.812348834157e+001  ,-2.966944104027e+002  ,-2.967872588382e+002  ,-2.968905105429e+002  ,-2.979780008949e+002  
  7.498942093325e+005  ,-3.753198224475e+001  ,-3.753854524541e+001  ,-3.754756017400e+001  ,-3.766479195489e+001  ,-2.984433334056e+002  ,-2.985286407845e+002  ,-2.986228957791e+002  ,-2.996072043327e+002  
  7.943282347243e+005  ,-3.708529189527e+001  ,-3.709172128513e+001  ,-3.710055499876e+001  ,-3.721570453408e+001  ,-3.003104011279e+002  ,-3.003884883176e+002  ,-3.004741105278e+002  ,-3.013591309272e+002  
  8.413951416452e+005  ,-3.665067716398e+001  ,-3.665695154874e+001  ,-3.666557456344e+001  ,-3.677822662385e+001  ,-3.023002435596e+002  ,-3.023714238472e+002  ,-3.024487709254e+002  ,-3.032383572561e+002  
  8.912509381337e+005  ,-3.623047715499e+001  ,-3.623657301069e+001  ,-3.624495291974e+001  ,-3.635465617136e+001  ,-3.044160521752e+002  ,-3.044806366517e+002  ,-3.045500671278e+002  ,-3.052481248105e+002  
  9.440608762859e+005  ,-3.582732081111e+001  ,-3.583321272621e+001  ,-3.584131452483e+001  ,-3.594758510830e+001  ,-3.066590044264e+002  ,-3.067173077934e+002  ,-3.067791888298e+002  ,-3.073897741593e+002  
  1.000000000000e+006  ,-3.544409586181e+001  ,-3.544975700293e+001  ,-3.545754371981e+001  ,-3.555987285959e+001  ,-3.090276191764e+002  ,-3.090799656904e+002  ,-3.091346810493e+002  ,-3.096621044868e+002  
  1.059253725177e+006  ,-3.508388650396e+001  ,-3.508928934720e+001  ,-3.509672304070e+001  ,-3.519458948075e+001  ,-3.115170856969e+002  ,-3.115638147861e+002  ,-3.116117723759e+002  ,-3.120606974522e+002  
  1.122018454302e+006  ,-3.474987417600e+001  ,-3.475499152250e+001  ,-3.476203466822e+001  ,-3.485492234026e+001  ,-3.141186345913e+002  ,-3.141601054984e+002  ,-3.142017436108e+002  ,-3.145772699301e+002  
  1.188502227437e+006  ,-3.444519939387e+001  ,-3.445000564854e+001  ,-3.445662289048e+001  ,-3.454404352706e+001  ,-3.168190439183e+002  ,-3.168556385905e+002  ,-3.168914297591e+002  ,-3.171991459913e+002  
  1.258925411794e+006  ,-3.417278855585e+001  ,-3.417726119390e+001  ,-3.418342135703e+001  ,-3.426494079025e+001  ,-3.196003899990e+002  ,-3.196325134299e+002  ,-3.196629648140e+002  ,-3.199089569781e+002  
  1.333521432163e+006  ,-3.393515738472e+001  ,-3.393927847100e+001  ,-3.394495665071e+001  ,-3.402022244031e+001  ,-3.224401501403e+002  ,-3.224682275388e+002  ,-3.224938769634e+002  ,-3.226846799694e+002  
  1.412537544623e+006  ,-3.373421075204e+001  ,-3.373796832870e+001  ,-3.374314780451e+001  ,-3.381191489992e+001  ,-3.253117354763e+002  ,-3.253362060172e+002  ,-3.253576133224e+002  ,-3.255001003279e+002  
  1.496235656094e+006  ,-3.357106462911e+001  ,-3.357445376824e+001  ,-3.357912746189e+001  ,-3.364127817723e+001  ,-3.281854742074e+002  ,-3.282067816802e+002  ,-3.282245157975e+002  ,-3.283257298953e+002  
  1.584893192461e+006  ,-3.344591725277e+001  ,-3.344894059644e+001  ,-3.345311182928e+001  ,-3.350866679029e+001  ,-3.310299870186e+002  ,-3.310485683011e+002  ,-3.310631913176e+002  ,-3.311301353077e+002  
  1.678804018123e+006  ,-3.335799165163e+001  ,-3.336065933475e+001  ,-3.336434173821e+001  ,-3.341345970972e+001  ,-3.338138163791e+002  ,-3.338300891496e+002  ,-3.338421392957e+002  ,-3.338815486096e+002  
  1.778279410039e+006  ,-3.330556082874e+001  ,-3.330788978420e+001  ,-3.331110636037e+001  ,-3.335407272784e+001  ,-3.365071139578e+002  ,-3.365214652594e+002  ,-3.365314410349e+002  ,-3.365495691466e+002  
  1.883649089490e+006  ,-3.328605277822e+001  ,-3.328806553050e+001  ,-3.329084700616e+001  ,-3.332805265258e+001  ,-3.390831749761e+002  ,-3.390959520757e+002  ,-3.391042995037e+002  ,-3.391067427698e+002  
  1.995262314969e+006  ,-3.329621912477e+001  ,-3.329794225621e+001  ,-3.330032498245e+001  ,-3.333223880542e+001  ,-3.415196405060e+002  ,-3.415311450081e+002  ,-3.415382493508e+002  ,-3.415298298974e+002  
  2.113489039837e+006  ,-3.333234220982e+001  ,-3.333380471498e+001  ,-3.333582840783e+001  ,-3.336296738030e+001  ,-3.437992574097e+002  ,-3.438097429478e+002  ,-3.438159253401e+002  ,-3.438006391122e+002  
  2.238721138568e+006  ,-3.339045280761e+001  ,-3.339168453301e+001  ,-3.339339012687e+001  ,-3.341629056210e+001  ,-3.459101685081e+002  ,-3.459198417320e+002  ,-3.459253603577e+002  ,-3.459063862346e+002  
  2.371373705662e+006  ,-3.346653394042e+001  ,-3.346756425440e+001  ,-3.346899206858e+001  ,-3.348818484004e+001  ,-3.478457792511e+002  ,-3.478548034013e+002  ,-3.478598582482e+002  ,-3.478396159735e+002  
  2.511886431510e+006  ,-3.355669337722e+001  ,-3.355755014840e+001  ,-3.355873847595e+001  ,-3.357472974634e+001  ,-3.496042960019e+002  ,-3.496127961750e+002  ,-3.496175361374e+002  ,-3.495977769013e+002  
  2.660725059799e+006  ,-3.365729571472e+001  ,-3.365800461635e+001  ,-3.365898876016e+001  ,-3.367224663902e+001  ,-3.511880505948e+002  ,-3.511961198180e+002  ,-3.512006509375e+002  ,-3.511825644559e+002  
  2.818382931264e+006  ,-3.376505231783e+001  ,-3.376563643032e+001  ,-3.376644814943e+001  ,-3.377739484674e+001  ,-3.526027208515e+002  ,-3.526104262459e+002  ,-3.526148200932e+002  ,-3.525991446848e+002  
  2.985382618918e+006  ,-3.387707268125e+001  ,-3.387755233957e+001  ,-3.387821963297e+001  ,-3.388722817593e+001  ,-3.538565365351e+002  ,-3.538639250589e+002  ,-3.538682265561e+002  ,-3.538553525709e+002  
  3.162277660168e+006  ,-3.399088374268e+001  ,-3.399127656655e+001  ,-3.399182370924e+001  ,-3.399921810174e+001  ,-3.549595341181e+002  ,-3.549666375934e+002  ,-3.549708718641e+002  ,-3.549609327003e+002  
  3.349654391578e+006  ,-3.410442471068e+001  ,-3.410474575819e+001  ,-3.410519350831e+001  ,-3.411125124654e+001  ,-3.559228985846e+002  ,-3.559297378857e+002  ,-3.559339159605e+002  ,-3.559268641270e+002  
  3.548133892336e+006  ,-3.421602468416e+001  ,-3.421628667894e+001  ,-3.421665258685e+001  ,-3.422160860365e+001  ,-3.567584099941e+002  ,-3.567649983947e+002  ,-3.567691217666e+002  ,-3.567647897607e+002  
  3.758374042884e+006  ,-3.432436933228e+001  ,-3.432458292557e+001  ,-3.432488169197e+001  ,-3.432893300922e+001  ,-3.574779978452e+002  ,-3.574843435979e+002  ,-3.574884077266e+002  ,-3.574865549214e+002  
  3.981071705535e+006  ,-3.442846162596e+001  ,-3.442863566635e+001  ,-3.442887951156e+001  ,-3.443219008435e+001  ,-3.580933969698e+002  ,-3.580995052267e+002  ,-3.581035021405e+002  ,-3.581038496054e+002  
  4.216965034286e+006  ,-3.452758034923e+001  ,-3.452772214215e+001  ,-3.452792116194e+001  ,-3.453062657392e+001  ,-3.586158936221e+002  ,-3.586217678178e+002  ,-3.586256879751e+002  ,-3.586279433806e+002  
  4.466835921510e+006  ,-3.462123901645e+001  ,-3.462135456297e+001  ,-3.462151705637e+001  ,-3.462372886314e+001  ,-3.590561483443e+002  ,-3.590617911528e+002  ,-3.590656247232e+002  ,-3.590694994089e+002  
  4.731512589615e+006  ,-3.470914693069e+001  ,-3.470924114057e+001  ,-3.470937390244e+001  ,-3.471118351991e+001  ,-3.594240820010e+002  ,-3.594294959700e+002  ,-3.594332336699e+002  ,-3.594384537207e+002  
  5.011872336273e+006  ,-3.479117343750e+001  ,-3.479125031474e+001  ,-3.479135889088e+001  ,-3.479284099382e+001  ,-3.597288122727e+002  ,-3.597340002172e+002  ,-3.597376338168e+002  ,-3.597439466933e+002  
  5.308844442310e+006  ,-3.486731592786e+001  ,-3.486737872968e+001  ,-3.486746763547e+001  ,-3.486868307448e+001  ,-3.599786293217e+002  ,-3.599835945452e+002  ,-3.599871171395e+002  ,-3.599942951066e+002  
  5.623413251903e+006  ,-3.493767179105e+001  ,-3.493772316212e+001  ,-3.493779606725e+001  ,-3.493879433794e+001  ,-3.601810009594e+002  ,-3.601857473547e+002  ,-3.601891534690e+002  ,-3.601969947926e+002  
  5.956621435290e+006  ,-3.500241427675e+001  ,-3.500245636140e+001  ,-3.500251624441e+001  ,-3.500333755476e+001  ,-3.603425992427e+002  ,-3.603471313110e+002  ,-3.603504168970e+002  ,-3.603587455421e+002  
  6.309573444802e+006  ,-3.506177206898e+001  ,-3.506180660429e+001  ,-3.506185588068e+001  ,-3.506253286730e+001  ,-3.604693419108e+002  ,-3.604736647295e+002  ,-3.604768270903e+002  ,-3.604854914634e+002  
  6.683439175686e+006  ,-3.511601227971e+001  ,-3.511604067203e+001  ,-3.511608129986e+001  ,-3.511664044313e+001  ,-3.605664433983e+002  ,-3.605705625575e+002  ,-3.605736002314e+002  ,-3.605824713605e+002  
  7.079457843841e+006  ,-3.516542651878e+001  ,-3.516544990651e+001  ,-3.516548347288e+001  ,-3.516594625753e+001  ,-3.606384713003e+002  ,-3.606423928230e+002  ,-3.606453054462e+002  ,-3.606542748737e+002  
  7.498942093325e+006  ,-3.521031967793e+001  ,-3.521033898268e+001  ,-3.521036677432e+001  ,-3.521075063712e+001  ,-3.606894051387e+002  ,-3.606931353948e+002  ,-3.606959235566e+002  ,-3.607049011348e+002  
  7.943282347243e+006  ,-3.525100106905e+001  ,-3.525101703722e+001  ,-3.525104009791e+001  ,-3.525135919898e+001  ,-3.607226950811e+002  ,-3.607262407019e+002  ,-3.607289058019e+002  ,-3.607378175160e+002  
  8.413951416452e+006  ,-3.528777757352e+001  ,-3.528779081006e+001  ,-3.528780998719e+001  ,-3.528807583601e+001  ,-3.607413189262e+002  ,-3.607446867238e+002  ,-3.607472308366e+002  ,-3.607560167346e+002  
  8.912509381337e+006  ,-3.532094848579e+001  ,-3.532095948141e+001  ,-3.532097546369e+001  ,-3.532119742616e+001  ,-3.607478361977e+002  ,-3.607510330906e+002  ,-3.607534588411e+002  ,-3.607620711157e+002  
  9.440608762859e+006  ,-3.535080176468e+001  ,-3.535081091795e+001  ,-3.535082426585e+001  ,-3.535100997437e+001  ,-3.607444386032e+002  ,-3.607474715513e+002  ,-3.607497820030e+002  ,-3.607581832485e+002  
  1.000000000000e+007  ,-3.537761143961e+001  ,-3.537761907468e+001  ,-3.537763024505e+001  ,-3.537778592970e+001  ,-3.607329964408e+002  ,-3.607358723881e+002  ,-3.607380709435e+002  ,-3.607462325955e+002  
